Name,Code,Month,2024,2023,2022,2021,2020,2019,2018,2017,2016,2015,2014,2013,2012,2011,2010,2009,2008,2007,2006,2005,2004,2003,2002,2001,2000
Afghanistan,004,7,26.343567,25.746904,26.35759,26.718765,25.905117,27.24998,26.94002,26.360704,26.003355,26.06949,25.51733,25.84264,25.491098,25.378836,25.089945,24.93638,26.257914,24.903913,25.903175,25.206656,23.949873,26.140596,24.202986,25.35698,24.093788
Albania,008,7,25.224277,24.521437,23.876564,23.942287,22.632383,22.397936,22.090134,23.784187,22.826448,24.469418,20.87602,22.125778,24.598812,21.839548,21.919683,22.25603,22.171124,23.796307,21.848724,21.839767,21.90953,23.214651,22.261429,22.223553,21.828152
Algeria,012,7,36.34693,36.700188,34.77507,36.021896,34.900063,35.55051,36.429455,34.937267,34.771893,34.233856,35.244564,34.69155,34.981617,34.70789,34.91331,35.04752,35.00315,33.970924,34.34396,35.27245,33.7171,35.25165,34.96749,34.803444,34.194935
American Samoa,ASM,7,26.53897,26.899261,26.063507,26.645386,26.69107,26.66861,26.467072,26.693695,26.244446,26.073639,26.359833,26.207153,26.158966,26.375214,26.73758,26.348297,25.759674,26.88205,26.239594,26.13678,26.204987,26.133179,26.513977,26.472748,25.874847
Andorra,AND,7,16.708893,16.87973,17.668976,13.9227295,14.812164,16.479156,15.562775,16.074554,15.176086,17.72403,13.221161,14.783325,14.481232,13.1388855,15.774689,15.340485,14.624908,14.846893,16.639984,14.986389,14.265533,15.765991,13.914368,14.052826,13.495941
Angola,024,7,20.419931,20.37878,20.124968,19.74679,19.72793,20.9653,20.343708,20.589598,20.356987,21.24169,20.368921,20.326605,20.092691,19.625475,20.299206,19.831299,19.671103,19.58797,19.879528,20.093737,19.557917,19.795948,21.215757,19.618933,19.749346
Anguilla,AIA,7,28.10147,28.110199,27.094757,27.13562,27.517242,27.328766,26.88504,27.324554,27.16632,26.977936,26.85202,26.818481,27.287872,27.050995,27.577423,27.40689,27.033112,27.389862,27.177094,27.589905,26.99405,26.892944,26.873352,27.164154,26.894379
Antigua and Barbuda,ATG,7,27.99405,27.90512,26.924835,27.008667,27.398102,27.174469,26.738556,27.199554,27.117493,26.802155,26.818817,26.748169,27.080841,27.011932,27.630157,27.283844,26.88858,27.38205,27.200531,27.484436,26.871002,26.78357,26.920227,26.95517,26.736176
Argentina,032,7,6.8791876,8.657246,8.1921625,8.431547,6.350594,7.800612,6.308926,8.999312,7.203598,8.344792,8.076027,7.8336387,6.618408,6.987662,6.3153925,6.6980743,9.524695,5.5895367,9.536552,7.7823296,7.791714,7.6332183,6.9255414,6.9304333,5.1636686
Armenia,051,7,18.100964,18.13093,18.561756,18.869902,18.662691,18.695372,20.775969,19.44379,17.545202,19.421957,18.380114,17.412432,17.601297,19.412924,19.675583,17.466866,18.259434,17.249695,17.522467,19.114616,16.707397,17.272451,17.904776,18.17296,20.253014
Australia,036,7,14.400742,15.003061,13.766142,15.651658,14.912343,15.586634,15.287716,15.709526,14.966477,14.541755,14.404944,15.521183,13.575273,14.532008,14.896376,14.803242,14.5164585,14.451467,14.070494,15.120607,14.45994,14.903979,14.588005,14.355801,14.606927
Austria,040,7,18.55697,18.008564,17.941746,17.454748,16.658606,17.736814,17.427343,17.116554,17.359833,19.287962,16.536922,18.261961,16.645468,14.844667,17.993366,16.635601,15.993439,16.759186,18.84137,15.954678,15.461851,17.030334,16.629831,16.241995,13.936015
Azerbaijan,031,7,24.214033,24.138857,24.44766,24.908543,25.00844,24.527761,26.909243,25.06194,23.470917,25.02844,24.598848,23.469702,23.57287,26.014175,26.223564,24.929379,23.815273,22.895529,23.541851,25.32384,22.364485,22.754375,24.84681,24.290937,25.623919
Bahamas,BHS,7,28.852514,29.020742,27.940022,28.067297,28.272099,28.405493,27.924341,28.088762,28.449041,28.118528,27.98516,27.210035,27.53296,28.10791,28.051977,28.256594,27.850706,28.194122,27.476915,28.402699,27.719168,27.78285,27.765331,27.78705,27.751665
Bahrain,BHR,7,34.755768,33.838715,33.043976,34.22937,34.183258,33.623688,33.719025,33.45346,33.967102,33.151764,33.83249,33.195435,33.078888,32.90451,33.46805,33.272125,33.072174,33.434784,33.46225,32.357483,33.267487,33.449585,34.0589,33.2872,33.03305
Bangladesh,050,7,29.597494,29.769775,29.726677,28.919718,28.940615,28.91368,28.938068,28.451426,28.334753,28.222809,29.105455,28.857166,28.544632,28.665474,29.020988,28.684853,28.040417,28.018976,28.568926,28.255926,27.932722,28.655178,28.184523,28.253012,28.265768
Belarus,112,7,21.040722,18.653746,18.454887,22.564886,18.32256,17.026411,19.58457,17.561386,19.656485,18.516338,20.613289,18.639654,20.823048,20.347492,22.792643,18.777622,18.312494,17.865738,20.01093,19.477825,17.960989,20.116653,21.746214,22.314821,17.064705
Belgium,056,7,18.271757,17.957485,19.02568,17.43803,17.328173,18.842697,21.172148,18.266088,18.230272,18.586803,18.662342,19.382017,16.77073,15.437854,19.741827,17.96056,17.352674,16.66258,22.050821,17.876871,16.822336,18.845013,17.14731,18.379827,14.972011
Belize,084,7,27.379795,27.770216,27.097279,27.562574,27.728697,27.772356,27.032486,27.209782,27.439692,27.415157,27.358376,26.882315,26.733463,26.972666,27.27721,27.706991,26.624884,27.229887,26.667433,27.441864,26.775454,26.756834,26.895447,26.835888,26.277359
Benin,204,7,26.56264,27.039421,26.132235,26.405872,25.866833,26.101048,26.031086,26.207624,26.165726,26.534836,26.44879,25.963936,25.359516,26.420446,25.998371,26.060413,25.611984,25.783611,26.379604,25.632742,25.346806,25.555185,25.984478,25.683384,25.441965
Bhutan,064,7,16.028173,15.398913,15.549609,15.251557,14.954101,14.916835,15.44711,15.17455,14.699917,14.955252,15.356725,15.024354,15.0455885,14.664096,14.915365,15.234191,14.638795,14.570927,15.253785,14.437805,13.629411,14.29713,14.4600115,14.962968,14.423144
Bolivia,068,7,17.051374,19.00195,19.586802,17.475842,17.819952,17.483685,17.510885,18.028978,18.568613,17.43744,16.91087,17.3599,16.97848,17.931444,16.712101,17.151966,18.95141,16.8652,18.690039,16.936743,17.136644,17.326519,16.450739,17.627895,14.815801
Bosnia and Herzegovina,070,7,23.2511,22.41166,21.793085,22.259779,19.861963,20.414045,19.91128,21.342407,20.875313,22.583551,19.287157,20.338028,22.638866,20.399607,20.789381,20.845907,19.965672,21.696287,20.320694,19.734697,19.90825,20.82304,20.301352,19.848146,19.572552
Botswana,072,7,15.936189,14.996875,16.334576,13.562594,14.22132,15.643504,14.826658,16.048367,14.794859,15.858271,14.510325,16.021025,14.817975,13.152125,15.167829,13.090643,14.714,13.995519,15.688889,15.487186,13.861957,15.186476,15.405796,13.997448,13.918574
Brazil,076,7,23.947191,24.20843,24.171156,23.25873,23.758776,23.794615,24.015764,23.561108,24.367655,24.177187,23.789963,23.541058,23.593916,23.864624,23.850378,23.67607,23.776142,23.662092,23.97462,23.50419,23.141436,23.622564,23.88023,23.53249,22.497873
Brunei,096,7,27.531536,26.953104,26.881983,27.17067,26.580122,26.855213,27.25041,27.10473,26.556791,27.130156,26.785748,26.522713,26.320717,26.826042,26.296543,26.729527,26.03422,26.46714,26.910124,26.593401,26.044939,26.405256,27.105297,27.039244,26.98265
Bulgaria,100,7,25.089928,24.044746,23.068806,23.726595,22.337355,21.67712,21.671785,22.395487,22.872402,23.206799,21.449766,21.684967,25.256254,22.498062,21.917912,22.435669,21.771597,24.449642,21.100945,21.196253,21.169836,22.09597,22.914696,22.960503,23.547821
Burkina Faso,854,7,27.884336,28.459461,27.75449,27.862722,27.88297,27.874516,27.658361,27.667265,27.759336,28.184282,28.231363,27.83226,27.023441,28.061174,27.741587,27.949224,27.220446,27.628653,28.065592,27.340223,27.043165,27.074345,28.373613,27.374374,27.13715
Burundi,108,7,22.125015,21.21644,20.874525,20.570292,20.744278,21.009712,20.049429,21.620981,20.96312,21.141605,21.288496,20.668627,20.396618,20.532003,20.574932,20.21482,19.687864,20.240881,20.141697,20.149916,20.333849,19.673185,20.808233,19.673405,20.221483
Cambodia,116,7,27.355747,27.815796,27.369255,27.884407,28.075586,28.132357,27.450043,27.203661,27.559494,28.147625,27.42147,26.985378,27.435165,27.305506,27.882212,27.074038,27.476318,27.066227,26.93888,26.900206,27.216986,27.256607,28.13319,27.495977,26.651993
Cameroon,120,7,24.216763,24.468803,23.580912,23.807533,23.647041,23.73335,23.763226,23.681946,23.710154,23.94294,23.59814,22.994051,23.07164,23.4715,23.48969,23.69572,23.180918,23.315779,23.522453,23.262495,23.069391,23.1331,23.585459,22.774643,22.663214
Canada,124,7,14.952409,15.227692,14.591425,14.065857,14.790606,13.775192,14.096716,13.713312,14.275502,13.7082815,14.150007,13.3146105,15.000972,14.293019,14.451507,13.196936,13.773216,14.790937,13.982721,13.143194,13.453164,13.974161,13.544112,13.881628,13.944804
Cape Verde,CPV,7,23.938797,25.154318,23.691307,23.130354,24.143637,23.1269,22.812323,24.014622,23.578194,23.652174,22.910397,23.417297,23.782997,23.854084,24.151663,24.186768,23.768038,23.412321,23.739895,24.502403,24.059532,24.20746,22.659445,23.732458,23.34012
Cayman Islands,CYM,7,29.11319,29.532074,28.432648,28.430542,28.751617,28.7565,28.412384,28.58432,28.676086,28.370514,28.506317,28.0177,28.252716,28.02951,28.23172,28.602203,28.261627,28.530487,28.259125,28.337952,28.017487,28.21521,28.347961,28.289154,28.036957
Central African Republic,140,7,25.16726,25.278479,24.194986,24.442993,24.192755,24.63391,24.412386,24.409153,24.432848,25.19365,24.778828,24.138292,23.91209,24.646265,24.344017,24.755547,23.930624,24.116869,24.464008,24.219244,23.974628,23.991726,24.603733,23.920815,23.725615
Chad,148,7,30.807728,31.580309,30.082779,30.288284,30.112995,30.519463,30.117485,30.366955,29.804657,31.105808,30.936323,29.947691,29.79929,30.930159,29.924646,30.559027,29.737358,29.921791,30.41259,29.303003,29.723625,29.291517,30.47433,29.52352,29.1553
Chile,152,7,4.6405616,5.4711914,3.845197,5.168844,3.9778538,5.3924046,4.2273765,5.4814787,5.0166874,4.825005,4.7134466,4.8662925,4.421322,3.5971527,3.1153228,3.9512348,4.7603445,3.375651,5.5993557,4.756234,4.504194,5.043993,3.695405,4.041815,3.3140144
China,156,7,21.312653,20.8551,21.055056,21.010496,20.015999,19.92995,20.796179,20.952396,20.676407,19.946602,20.161993,20.282066,20.179085,20.13876,20.873856,20.007841,20.023745,19.90488,20.387257,20.189314,19.617552,19.47672,20.04808,20.561218,20.708529
Colombia,170,7,24.236498,24.214163,23.55381,23.39399,23.721725,23.73969,23.613792,23.564138,23.419342,23.868324,23.705744,23.193455,23.254072,23.372416,23.257895,23.454674,23.035398,23.353573,23.348274,23.429857,22.839027,22.868204,23.130238,22.842604,22.607613
Comoros,COM,7,24.07286,23.889969,22.850203,23.288448,23.271618,23.758936,23.311354,23.836796,23.085863,23.791002,23.553658,23.0504,23.13215,23.272251,23.435318,23.056786,22.643984,23.377674,23.082958,23.3228,22.974106,23.180513,23.468615,22.927376,22.503326
Congo,178,7,24.65356,24.518728,24.012941,24.119026,23.929218,24.261723,24.050884,23.80416,23.970308,24.497614,23.740837,23.495657,23.71965,23.884045,23.851604,23.718618,23.418924,23.808455,23.993528,23.728859,23.681993,23.853,23.983034,23.235613,23.098661
Cook Islands,COK,7,23.216705,23.920746,23.342804,24.145386,22.69693,23.010406,22.681915,23.35971,22.99054,21.47403,22.97116,23.132935,22.588654,23.894745,23.94461,22.742828,22.068268,23.28244,23.136078,22.853577,22.361237,23.076538,22.871399,22.71103,22.378754
Costa Rica,188,7,23.835987,24.2757,23.125824,23.357376,23.574707,23.665293,23.343376,23.340748,23.51362,23.573387,23.908997,23.285177,23.488617,23.26755,23.300814,23.592152,22.883095,23.233551,23.371035,23.724266,23.112288,22.986317,23.322145,22.800472,22.657495
Cote d'Ivoire,384,7,25.522812,26.005817,25.060408,25.26504,25.141945,25.34126,25.15751,25.3512,25.462168,25.558552,25.352095,24.976128,24.731674,25.086931,25.370752,25.023922,24.920713,25.176651,25.377075,24.938456,24.665619,24.870955,25.146444,24.731148,24.443182
Croatia,191,7,25.17858,23.931973,23.868216,24.066257,22.086897,22.757425,22.45101,23.484442,23.195864,24.593111,21.229746,22.993639,24.235497,21.933065,23.04628,22.662222,22.128115,23.35272,23.382261,21.713593,21.69196,23.087204,22.242756,22.179533,20.939363
Cuba,192,7,28.685547,28.902336,27.720726,27.788641,27.961226,28.090961,27.9232,28.016644,28.047632,27.905163,27.812164,27.027395,27.26475,27.455557,27.694595,28.314133,27.653708,27.770117,27.446787,27.76087,27.295925,27.8525,27.559937,27.528458,27.724539
Cyprus,196,7,29.564316,29.281246,28.477558,29.105152,28.11872,28.144339,28.647781,29.709087,28.839788,27.64012,27.537842,27.738518,29.41109,28.18886,27.632786,28.573904,28.571491,28.888832,27.47516,28.014784,28.445444,28.738651,28.91165,28.41425,29.435238
Czechia,203,7,20.065403,20.005487,19.026922,19.048267,18.076097,19.137074,19.787455,18.645172,18.907623,20.519482,19.50835,19.671383,18.510353,16.457705,20.008108,18.30661,17.969688,18.355745,21.511013,18.053764,17.3338,18.601692,18.56576,17.982311,15.532172
Democratic Republic of Congo,180,7,25.217566,24.898445,24.423271,24.33032,24.092438,24.261412,24.285952,24.2241,24.377678,24.742254,24.53985,24.181591,23.84838,24.135607,24.068375,24.06912,23.486286,23.670855,23.989967,23.87383,23.851368,23.450127,24.301985,23.450935,23.5751
Denmark,208,7,16.357672,16.087502,16.56951,18.44153,15.059982,16.899036,19.305485,15.776108,16.607832,15.723365,19.476837,17.346247,16.01036,16.51907,18.697437,17.431843,17.576422,15.75407,19.800844,17.274372,15.190468,18.239565,17.058035,17.603394,15.098434
Djibouti,262,7,34.73518,35.115097,32.30108,31.734806,31.869223,34.20332,33.134567,34.675697,32.796543,34.51489,33.091652,32.700134,32.63744,33.19152,31.48088,33.741474,33.232864,31.723146,33.03308,32.91205,33.601578,33.166847,33.859886,32.267765,32.970314
Dominican Republic,214,7,26.672844,27.039516,25.629393,25.678967,26.452265,26.165195,26.142374,25.98981,26.070978,26.273148,26.142254,25.40732,25.92629,25.173344,25.790232,26.013168,25.953358,25.949583,25.3709,25.698383,25.405931,25.420147,25.724306,25.59025,25.94314
East Timor,TLS,7,23.029575,23.17228,22.61212,23.749203,22.881727,22.445295,23.134142,23.368856,23.554222,22.742613,22.905773,22.891333,22.341743,22.67124,23.697403,22.875153,22.342962,21.833403,22.197517,23.396095,22.260046,22.58472,22.645607,22.342442,22.150915
Ecuador,218,7,20.835876,21.372267,20.0583,20.090876,20.221848,20.198418,19.984926,19.990122,20.359158,20.942076,20.311798,19.496187,20.147346,20.09183,19.895111,20.167263,19.989037,19.671637,19.819363,19.473516,19.437046,18.614082,19.131664,18.818695,18.633753
Egypt,818,7,32.72271,31.697948,30.466726,31.640984,30.66666,31.7069,31.217932,31.593912,30.897495,30.677328,31.110767,29.428951,31.543695,31.213835,31.249922,31.153412,30.634588,30.79359,30.00052,30.909433,30.70023,30.432848,31.91708,30.652626,31.059677
El Salvador,222,7,26.988705,28.050034,26.81087,27.307484,26.615995,27.826008,28.044563,26.86328,27.474968,28.073088,28.158772,26.538452,27.100332,25.624805,25.41431,26.847849,25.19868,26.022743,26.260965,25.853323,25.895899,26.376245,26.635284,26.092499,26.420174
Equatorial Guinea,226,7,23.564653,23.903896,23.252598,23.685383,23.420834,23.630796,23.596296,23.440527,23.318666,23.014,22.71344,22.276335,22.851475,22.753187,22.88832,23.01008,22.710707,22.798239,22.790466,22.606295,22.661331,22.83417,22.781902,22.06065,22.287472
Eritrea,232,7,29.725138,31.449362,28.21299,28.647789,28.95114,29.280302,28.541206,30.014427,28.151806,30.175068,28.55883,29.75724,28.65523,29.276442,27.942225,28.907711,29.033653,26.748001,28.386412,27.748728,29.050661,28.039455,29.69837,28.135733,28.929068
Estonia,233,7,18.896439,16.516706,17.865347,21.17986,16.271395,16.310041,20.184109,15.653038,17.837894,16.092857,19.635477,17.834904,17.861685,20.36451,21.894602,16.991432,16.633436,16.92206,18.941694,18.570868,16.668892,20.02378,19.208931,20.497826,16.260973
Eswatini,748,7,16.653406,15.10768,15.845793,14.442542,14.825352,16.685452,14.917768,16.73731,15.488651,16.420086,15.002122,15.732046,16.167284,13.831161,15.425222,13.999039,15.441525,14.818549,15.969414,15.060276,13.739009,14.750256,14.635697,14.149834,14.18145
Ethiopia,231,7,23.692516,23.821718,22.402405,22.161774,22.507935,23.092897,22.641445,23.478966,22.855896,23.966211,23.40221,22.249275,22.603075,22.894773,22.512562,23.087791,22.49975,22.705273,22.806803,22.330753,22.547329,22.22921,23.306568,22.176065,22.03239
Falkland Islands,238,7,3.0273883,2.7985344,2.3012943,4.264521,1.6654942,3.3118455,2.7659986,5.0592904,3.150005,3.076988,3.322664,4.020265,2.5150952,2.5219681,3.0621748,2.2038302,3.22208,1.8967533,3.4560537,3.1989005,3.4981978,4.5017977,2.6636205,1.4900558,2.8122048
Faroe Islands,FRO,7,10.698651,10.462684,10.414022,10.713449,9.886308,11.050518,11.072887,11.052437,10.795161,9.680023,11.7179165,10.932925,9.672938,10.169624,10.760646,11.082347,11.048295,10.239826,11.242939,10.583152,10.726264,12.2133665,10.768067,10.042955,9.678333
Fiji,242,7,23.597712,22.665224,24.381481,24.130926,23.70181,23.47551,22.985826,22.896517,22.827679,22.213287,21.79737,22.884163,22.82579,23.550259,22.948967,22.675203,22.953472,23.827646,21.50182,21.89414,22.665508,22.231056,22.997269,22.638304,22.869604
Finland,246,7,17.37938,15.121183,16.573692,18.3578,14.814271,14.564145,19.720356,14.710741,16.712385,13.632478,18.49372,15.565239,15.665707,17.901287,18.82248,14.993945,14.564499,15.386081,16.072887,17.433584,16.209658,19.065022,17.320713,17.25419,16.121439
France,250,7,20.88865,21.100872,22.427254,19.911558,21.07043,22.06566,22.16047,20.867516,20.642784,21.968695,19.96942,21.805756,19.422443,18.54223,21.371798,20.28648,19.638947,19.087467,23.23446,20.493526,19.673471,21.24224,19.308386,20.020267,18.41993
French Polynesia,PYF,7,24.793869,25.176928,24.051882,24.789516,24.604374,24.364887,24.748503,25.290245,24.980751,24.641447,25.029058,23.982874,24.829693,24.061838,24.793598,24.714323,24.415098,24.63844,25.003347,24.982302,24.086752,24.590988,24.702,25.057146,24.501856
Gabon,266,7,23.932898,24.020487,23.708473,24.033957,23.902378,24.15951,23.92094,23.747623,23.828566,23.635563,23.11093,22.95321,23.329762,23.405645,23.444464,23.16061,23.267548,23.429062,23.378588,23.136776,23.059418,23.711485,23.505486,22.60877,22.711433
Gambia,270,7,28.208612,28.837622,28.066235,29.205019,28.188194,28.749054,27.986324,27.919592,27.97758,28.58211,29.074568,28.454191,27.668602,28.525637,28.06127,28.270287,27.34591,28.13404,28.62441,27.900599,27.518744,27.294132,28.928337,27.32994,27.683655
Georgia,268,7,19.521349,18.449791,18.645174,19.896053,20.296509,18.803623,21.195196,20.14967,18.752745,19.766481,19.716625,17.712196,19.103977,20.90017,21.056324,18.80672,18.933655,18.671366,17.681808,19.755703,17.41855,17.619022,19.638565,20.118969,20.98163
Germany,276,7,18.889017,18.821354,19.26845,18.453976,17.844027,19.06117,20.517773,18.203455,18.76839,19.563303,19.450085,19.68539,17.543423,16.245975,20.60189,18.195673,18.2293,17.406206,22.223059,18.184923,16.906855,19.184072,17.752851,18.568544,15.244046
Ghana,288,7,26.535988,26.51405,25.871557,26.313295,26.011702,26.205496,25.964914,26.049408,26.113985,26.35434,26.22425,25.614168,25.465988,25.909935,26.002014,25.801481,25.799269,25.92747,26.184551,25.578264,25.218515,25.54847,25.750196,25.358076,25.39533
Greece,300,7,27.104853,26.57018,25.211063,26.242764,24.8144,24.482473,24.566465,25.177952,25.18428,25.15115,24.050594,24.357405,26.817127,25.023512,24.451899,24.870487,24.871445,25.936155,23.381285,24.396248,24.126556,24.91857,24.772434,25.05521,24.861855
Greenland,304,7,-3.7131274,-2.0501308,-3.9848423,-3.1603994,-3.6184063,-2.7237403,-4.8668094,-5.0683575,-3.4358468,-4.0412498,-4.0760746,-4.8632207,-2.2631311,-3.2510557,-4.2381864,-3.8499615,-4.1780567,-4.0387945,-4.449081,-2.8211472,-4.434626,-4.7706847,-3.706038,-5.4547358,-5.277231
Guatemala,320,7,24.45919,24.912952,24.342413,24.473505,24.635422,24.731293,24.354933,24.132723,24.4684,24.442005,24.462982,23.834055,23.708567,23.987211,24.28139,24.48874,23.248878,23.96048,23.528965,23.997463,23.34748,23.592413,23.82678,23.38846,23.275705
Guinea,324,7,24.99879,25.377579,24.605663,24.754007,24.482147,24.839037,24.658789,24.753757,24.573631,24.904234,24.976818,24.51091,23.980276,24.355509,24.564241,24.65178,24.041355,24.43022,24.806622,24.580557,24.063644,24.015743,24.68249,24.204279,23.956842
Guinea-Bissau,624,7,27.108778,27.472244,26.907087,27.302872,26.899479,27.031021,26.894833,26.955694,26.741783,26.993479,27.60456,26.91523,26.453377,26.983124,26.90118,27.006828,26.52532,26.936787,27.108599,26.879324,26.174417,26.086012,27.232546,26.398144,26.348751
Guyana,328,7,25.596449,25.66518,25.089184,24.87649,25.356155,25.1379,24.649931,24.93212,25.072447,25.01763,25.147682,24.816372,24.64344,24.986284,24.881943,25.138098,24.290657,24.753428,24.587498,24.828915,24.583351,24.357676,25.032145,24.546228,24.435116
Haiti,332,7,27.560387,28.035147,26.640474,26.674425,27.377821,27.113527,27.082373,26.831879,26.942106,27.392374,27.254944,26.440012,26.701416,26.19366,26.645567,26.809809,26.683102,26.802267,26.390314,26.556736,26.047544,26.435051,26.620224,26.397635,26.815805
Heard Island and McDonald Islands,HMD,7,0.5370178,0.85824585,0.5576477,1.1629639,0.5387268,0.7076721,0.6116028,1.5921326,1.2092896,0.5267639,0.27389526,0.7969971,1.1179504,0.8908386,0.9114075,-0.06576538,0.5213928,0.5812683,0.15756226,-0.015563965,0.7713928,0.5999756,0.45928955,-0.1678772,0.4139099
Honduras,340,7,24.996004,25.349907,24.472063,25.01997,25.070795,25.08891,24.758743,24.450687,24.87702,24.808174,24.947437,24.357218,24.194895,24.067799,24.342178,24.588636,23.781696,24.4177,24.281399,24.544731,23.909534,24.018599,24.018644,24.069056,23.504133
Hong Kong,HKG,7,29.281092,29.534557,29.606956,29.102306,29.60111,28.923725,28.484558,28.290623,29.26972,28.5488,29.2002,27.892632,28.391241,28.410227,28.858522,28.69192,28.279093,29.381208,28.958212,28.866442,28.287632,29.345892,28.385645,27.989569,28.557653
Hungary,348,7,24.782986,23.431665,23.727633,24.316374,21.572119,22.105923,22.348368,22.385515,22.455471,23.913279,21.998924,22.869814,23.815413,21.032066,22.892189,22.77861,21.328238,23.443457,23.592157,21.273458,21.187582,22.22677,23.153273,21.543566,20.357992
Iceland,352,7,8.841651,7.559722,8.062544,10.565102,7.5021925,9.588533,8.830614,9.643054,8.777647,6.9885073,9.609594,9.271023,9.412413,9.176829,9.537194,9.08564,10.074679,9.280306,8.821608,9.797513,9.488748,9.6085825,8.385964,8.011592,9.862392
India,356,7,27.646555,27.233862,26.968025,27.453527,27.567602,27.568441,27.054367,27.03737,26.916597,27.49416,27.455442,26.41823,27.118013,26.868483,26.8698,27.140228,26.904745,26.977549,26.968695,26.688164,27.066301,26.681072,28.005394,26.43342,26.44751
Indonesia,360,7,25.552124,25.417826,25.18641,25.3152,25.044268,24.946037,25.15936,25.121836,25.382074,25.264936,25.211096,24.651144,24.60705,24.789972,25.011715,24.883879,24.43144,24.624212,24.866732,24.76097,24.282808,24.567482,24.861656,24.677105,24.524075
Iran,364,7,31.988134,31.376753,30.388514,31.357475,30.591562,31.649136,31.830578,30.51326,30.907532,30.565657,30.654694,30.915356,30.240534,30.423464,31.042896,30.479317,30.656736,29.853424,30.395473,30.63894,28.97431,30.666704,29.810331,29.920713,29.568243
Iraq,368,7,36.72836,36.59073,35.961533,37.42725,37.78701,35.242702,35.59607,37.838036,36.43044,36.61013,35.36506,34.954918,36.828453,36.098286,36.590286,34.66792,35.468628,35.665653,35.168633,35.914307,35.797096,34.785046,36.203472,35.73881,37.918625
Ireland,372,7,14.285809,14.616916,15.821091,16.609972,14.04312,15.8353815,16.374931,14.683472,14.818287,13.6907625,16.051353,17.29906,13.817936,13.98721,14.925956,14.512928,14.711549,14.044691,16.701323,15.301713,14.052942,15.240056,13.913104,14.583027,15.080414
Isle of Man,IMN,7,14.040924,14.608246,14.588898,15.026245,13.63443,14.652985,14.961212,14.238617,14.205383,13.620514,15.228973,14.970825,13.303497,13.797089,14.382111,14.395172,14.048737,13.934784,15.190765,14.197327,13.663971,15.015991,13.439758,13.916107,13.775238
Israel,376,7,29.737148,28.865013,27.598337,28.55524,27.89476,27.985563,28.091793,29.156763,27.944826,27.213276,26.936094,26.473152,28.874403,28.049007,27.769659,28.114183,27.711603,27.833553,26.713593,27.414217,27.580215,27.361807,28.436745,27.397928,28.777325
Italy,380,7,24.57865,24.5235,24.89666,23.293686,22.697845,23.45119,23.21421,23.295036,23.013144,25.044962,20.930819,22.56922,23.549116,21.306087,23.289991,22.698006,22.419493,22.816986,23.520716,22.471918,22.06897,23.911114,21.739407,22.245127,21.036568
Jamaica,388,7,27.999445,28.617167,27.69273,27.680271,28.242329,28.051638,27.903982,28.02448,27.687033,27.498991,27.859377,27.170837,27.246859,26.56873,26.691525,27.691538,26.675257,27.410824,27.231228,26.830542,26.93625,26.932207,27.060734,27.143024,26.834845
Japan,392,7,24.879827,24.681385,24.053616,23.911915,21.812077,22.409668,24.308918,24.206316,22.879404,22.978743,23.096016,23.534248,22.999819,23.382454,23.651281,22.034155,23.415464,21.222143,22.044184,22.103268,23.777214,20.089096,23.315826,23.52393,23.58524
Jordan,400,7,30.193453,30.265085,28.855082,29.807434,30.547356,28.787851,28.784662,31.61917,29.280441,29.072464,27.80097,27.838865,30.142824,29.767399,29.595922,28.234697,28.616846,28.668013,27.492117,28.555422,28.879467,27.80468,28.937403,28.730154,31.327934
Kazakhstan,398,7,24.046043,26.112535,24.384428,25.22722,24.999529,25.622572,25.307747,24.75087,23.532726,24.540468,21.984509,23.112904,25.332043,24.466106,23.85759,23.170254,25.285875,24.035255,22.305002,24.69783,23.104986,21.78407,23.46732,22.235758,23.78954
Kenya,404,7,24.699404,24.338427,23.76452,24.087154,23.978895,24.621304,23.800661,24.51672,23.900846,24.389103,24.35596,23.52363,23.684322,24.384329,23.854803,24.225822,23.68789,23.989483,24.078678,23.600365,23.70781,23.626427,24.022047,23.129993,23.319393
Kiribati,KIR,7,27.162018,27.477386,26.3096,26.741089,27.00943,27.436188,27.28543,27.250336,26.318665,27.108795,26.922333,26.63684,26.887482,26.69162,25.872345,27.020172,26.453033,26.415253,27.272797,27.060608,27.146393,27.047241,27.607727,26.88095,26.298676
Kosovo,OWID_KOS,7,24.053051,22.763092,21.946016,22.712984,20.971241,20.989542,20.460999,22.296942,21.746239,23.5597,20.525475,20.85112,24.859076,21.47065,21.408968,21.110838,20.981277,23.68065,20.414053,20.637989,20.584818,21.494753,21.551416,21.049677,20.850653
Kuwait,414,7,39.337547,39.227043,38.697685,39.87753,39.723476,38.562916,38.960346,39.889374,38.998825,39.058277,38.27609,38.011364,39.00491,38.179592,38.496494,37.400547,37.9277,37.591213,38.278614,38.710766,38.164776,37.549065,38.698586,37.71885,39.265503
Kyrgyzstan,417,7,13.092563,14.093468,14.353935,13.575694,11.954011,14.179013,13.363033,13.723046,12.491004,14.908216,12.631501,12.309829,12.272277,12.479727,11.981539,11.548783,13.204072,12.286884,12.49596,12.999484,11.941414,12.410688,11.789252,11.777247,12.519143
Laos,418,7,25.462553,26.098589,26.034143,25.67122,26.157093,25.798086,24.956526,24.888464,25.424822,25.25885,24.978235,24.78652,24.80053,25.076931,25.673822,24.908401,24.626656,25.32863,24.726423,24.998648,24.379427,25.3572,24.565538,24.467203,24.617184
Latvia,428,7,19.163208,16.836863,17.622551,21.472797,16.509426,16.043224,19.9468,16.004927,18.098804,16.366045,19.777222,17.86435,18.348997,19.955181,21.711731,17.463158,17.226524,16.650354,19.633022,18.479015,16.653725,19.876392,19.57382,20.689108,16.055449
Lebanon,422,7,25.806622,25.619247,24.314669,25.246096,25.094982,24.23366,24.486841,26.195465,24.688295,23.930277,23.574299,23.375263,25.028534,24.549925,24.415306,23.818817,23.909286,24.215576,22.740768,23.593887,23.98991,23.770319,24.753595,24.67054,26.36237
Lesotho,426,7,4.128845,4.2757263,5.7298303,3.619589,4.7276306,6.0770907,4.3279457,6.2274003,4.1412854,5.1277246,3.8360393,5.9478016,3.6492012,1.2161245,5.005605,2.5530317,4.254509,2.5757337,5.405333,5.554151,2.7059364,4.581673,2.7904274,2.710633,3.1191578
Liberia,430,7,24.656183,25.08311,24.431997,24.557806,24.284985,24.548214,24.401552,24.487495,24.32631,24.374802,24.0765,23.8872,23.62839,23.90313,24.159725,23.878416,23.76389,24.048532,24.389835,23.952261,23.846912,23.753477,24.041729,23.718042,23.672956
Libya,434,7,32.191643,32.021503,30.333124,31.462542,29.888325,31.420475,31.34646,30.201605,30.064064,30.37616,31.460468,29.321882,30.841618,31.345266,30.654604,30.439682,30.85322,30.279482,29.499054,30.817533,29.667679,30.740446,32.22924,30.265108,29.847397
Lithuania,440,7,19.602293,17.521261,17.623877,21.966639,17.172218,16.82953,19.968582,16.468542,18.27167,16.977434,20.161894,18.159937,18.975733,19.478632,21.527308,18.000212,17.756887,16.79502,20.543839,18.651371,16.46605,20.06123,20.015806,20.624208,15.989845
Luxembourg,442,7,18.144432,18.124699,19.28748,17.131863,18.039726,19.074871,20.902319,18.528378,18.249477,19.726952,18.771976,19.578741,16.54508,15.415324,19.457556,17.648726,17.176775,16.274574,22.669464,18.228512,16.82467,19.017735,17.335993,18.188595,14.699032
Madagascar,450,7,19.615587,19.980043,19.360146,19.588959,19.13932,19.476786,19.255228,19.791357,19.058075,19.607737,19.640726,18.949898,19.319725,19.049034,19.315218,19.111544,19.018911,19.526901,19.4183,18.791538,19.383091,18.634493,19.973806,18.89405,18.880539
Malawi,454,7,19.743357,18.717026,18.210781,17.906483,17.941006,18.58685,18.05638,18.994589,18.545956,19.278294,18.66773,18.15175,18.204206,18.119509,18.132126,17.490557,17.826166,17.802677,18.143036,18.10721,17.704617,17.269829,19.599771,18.070387,17.626917
Malaysia,458,7,26.605034,26.434504,26.095144,26.19998,25.708738,26.088146,26.320904,26.16747,26.014198,26.376816,26.286137,25.664053,25.421595,25.872274,25.470024,25.812395,25.18256,25.581234,25.95761,25.922237,25.187002,25.466352,26.187075,25.821522,25.812334
Mali,466,7,33.352962,33.823265,32.59838,33.359947,32.66138,33.213634,33.016552,32.899216,32.494698,32.628956,33.435204,32.83341,32.100887,33.095963,32.802376,33.177982,32.200706,32.39305,33.172283,32.3569,31.764482,32.27861,33.4261,32.2282,31.964111
Mauritania,478,7,34.689537,34.877163,34.13566,34.63264,34.59373,34.291702,34.460197,33.998657,33.840984,34.56276,33.866405,34.680912,33.89062,34.096767,34.463528,34.542786,33.80655,33.89399,34.54838,33.587826,33.254715,34.078552,33.402008,33.568295,33.324375
Mauritius,MUS,7,21.44063,21.866056,20.524422,21.127136,21.040693,21.700502,21.11744,21.967768,20.98468,21.800201,21.719217,21.121204,21.256592,21.56399,21.245405,21.155584,20.47776,21.362507,21.201828,21.283913,21.34885,20.94763,21.504856,20.546947,20.42756
Mexico,484,7,25.274075,26.480606,25.377792,24.48378,25.610598,25.416605,25.447716,24.63692,25.53529,24.95113,24.9618,24.49164,24.42032,24.883516,24.313763,25.939983,24.072212,24.480503,24.91042,25.320131,24.737747,24.504993,24.428478,24.753521,25.08166
Moldova,498,7,25.5987,23.510023,23.25147,23.507906,23.074091,21.769733,22.01537,22.012346,23.04509,24.066978,22.889313,21.430857,25.984375,22.836279,23.481554,23.249432,21.78365,25.096647,21.88994,22.219284,21.583256,21.282053,24.093529,24.007065,21.423306
Mongolia,496,7,21.340216,20.022387,19.02908,20.008255,19.780045,19.769844,19.256838,21.619764,21.290691,20.350107,19.60529,18.891783,19.26392,19.031372,21.335674,19.678652,20.272171,21.477718,19.156216,20.729977,20.317783,18.427624,21.469595,20.51417,20.934675
Montenegro,499,7,22.260723,21.677225,21.082586,21.529053,19.494864,19.499805,19.191713,20.48719,19.965387,22.041792,18.123074,19.275576,22.069313,19.115782,19.640484,19.559637,19.291056,21.149988,19.044212,18.857569,19.234184,19.874996,19.239468,19.281069,18.476265
Morocco,504,7,29.031,29.398697,29.37566,29.031265,29.385923,27.114956,27.848831,28.418568,28.676622,28.779787,26.54705,27.442043,28.434431,27.145285,28.412962,28.97288,27.77476,28.461296,28.293491,27.650084,27.814081,28.262695,26.463604,27.40398,27.73872
Mozambique,508,7,21.624893,20.41288,20.163559,19.79486,19.974699,20.444628,19.904776,20.74408,20.411917,21.027452,20.254457,19.68742,19.886599,19.353788,20.157265,19.329275,20.05352,19.789171,20.109129,20.035736,19.642342,19.068975,21.023056,19.904404,19.395643
Myanmar,104,7,26.095963,26.241886,26.411419,26.024569,26.224295,25.773521,25.621132,25.335197,25.306013,25.23638,25.790592,25.427599,25.28749,25.699387,25.960505,25.72514,25.212055,25.413021,25.41089,25.729504,24.98579,25.606245,25.168993,25.193933,25.186565
Namibia,516,7,15.568567,15.594472,16.698084,15.276228,16.184753,17.298168,16.454563,16.893932,15.827855,15.739874,15.587975,16.387115,14.85538,14.067104,16.165857,14.578261,15.461506,15.594941,15.678919,17.007952,15.470475,16.151405,15.502854,14.535981,15.533253
Nepal,524,7,20.776686,20.334679,20.525093,19.972406,19.535532,19.750856,20.01885,19.878672,19.51045,19.87925,19.920017,19.759855,19.496746,19.272135,19.639711,20.136106,19.40895,19.265354,19.998423,19.434805,18.982622,19.42594,19.433765,19.85864,19.198586
Netherlands,528,7,18.041666,18.06009,18.475077,18.040447,16.874535,18.738625,20.481464,17.877325,18.190063,18.180773,19.555298,18.819122,17.053205,15.844397,19.772715,17.921307,17.929916,16.908379,21.834358,17.60151,16.691618,18.770824,17.449062,18.399862,15.310975
New Caledonia,540,7,20.022348,19.30435,21.697748,20.036152,19.884012,18.95055,19.654919,19.074633,20.745386,19.65286,18.634941,19.795694,19.596573,19.439114,20.123138,19.141508,20.204739,18.991007,18.537,19.334934,18.900675,19.392912,18.867413,18.97422,18.917776
New Zealand,554,7,6.129225,6.8355637,6.658114,6.4211526,6.2223935,7.0324,6.4736466,5.332179,6.0255127,4.86187,5.6271553,6.364353,5.799165,5.007913,5.2152066,4.942005,5.779523,5.21769,5.737494,6.7425666,4.601782,4.5086083,5.577808,4.253091,7.0413227
Nicaragua,558,7,26.319424,26.543795,25.693592,26.109093,26.153822,26.201803,26.132206,25.718632,26.094154,26.06411,26.451616,25.80126,25.747988,25.416601,25.594738,25.829306,25.084671,25.555515,25.760216,25.982471,25.41254,25.413061,25.628895,25.455889,25.108423
Niger,562,7,32.870377,33.49065,32.379574,32.747547,32.304558,33.035862,32.4967,32.333134,32.33335,33.06276,32.97371,32.229538,32.033222,32.820595,32.00048,32.75487,32.129036,32.14068,32.545956,31.991213,31.869347,32.159286,32.739105,31.85633,31.290062
Nigeria,566,7,26.443048,27.220379,26.034573,26.191986,25.980944,26.085796,26.00915,26.150364,25.985386,26.650137,26.425863,25.7916,25.32777,26.40905,26.032948,26.329788,25.64642,25.898905,26.584578,25.704166,25.52665,25.666275,26.317192,25.611881,25.32367
North Korea,408,7,22.89049,23.080828,22.493876,23.786343,20.914518,22.152187,23.215488,23.14679,21.612762,21.242235,21.95808,22.0072,21.415092,21.374992,21.90036,19.97529,21.971521,20.465467,20.593565,21.657413,21.067028,20.050388,21.277256,22.194563,22.477959
North Macedonia,MKD,7,24.34489,23.515038,22.499353,23.504318,21.981447,21.912235,21.270714,23.06457,22.246983,23.866953,21.088615,21.264126,24.898666,22.092728,21.520004,21.845829,21.865047,24.29508,20.629015,21.617117,21.254322,22.335424,22.04546,21.965584,22.077896
Norway,578,7,12.007644,11.2532015,11.170268,12.508675,9.810694,11.456413,14.164119,10.429517,11.294665,9.663981,13.908411,11.4715395,10.045432,11.355464,11.421031,11.18869,11.621646,10.985663,12.198122,12.203023,11.218642,13.156009,11.586452,10.970294,10.556155
Oman,512,7,35.04802,33.832417,31.001118,32.572952,33.16433,33.72545,34.36234,33.754353,33.073624,33.746117,34.020054,33.34471,33.792583,33.285538,33.63442,35.154064,33.764675,34.297523,33.86932,33.078865,32.559216,33.060776,32.81851,33.65739,32.957935
Pakistan,586,7,30.78899,28.608797,27.58661,29.762373,29.857424,29.638594,29.542805,29.279846,29.412973,28.592588,29.490372,29.339432,29.587606,28.849564,28.573193,29.209003,29.220142,28.66915,29.675714,28.711275,29.027882,28.221422,29.407648,28.368214,28.494043
Palestine,275,7,29.466263,29.129486,27.884293,28.87552,28.043507,28.156252,28.35128,29.336775,28.172554,27.315828,27.17465,26.871738,29.135666,28.310734,28.028625,28.467375,27.92833,27.971043,26.899372,27.625612,27.78056,27.572582,28.727043,27.65043,28.914776
Panama,591,7,25.784136,26.07166,24.97795,25.209309,25.177944,25.408089,25.19259,25.402815,25.21927,25.750484,25.894268,25.167784,25.30619,25.109127,25.057554,25.488241,24.523235,25.09949,25.177263,25.464666,24.807695,24.606815,24.872166,24.46179,24.21309
Papua New Guinea,598,7,23.193974,23.377771,23.657087,23.465681,23.243296,22.43713,22.93015,22.883825,23.284254,22.589668,22.508192,22.856323,22.814661,22.350758,23.27297,22.309687,22.654501,22.37148,22.665037,22.755188,22.180815,22.625578,22.412563,22.340252,22.190704
Paraguay,600,7,18.026487,20.970703,22.732718,18.793734,19.318558,17.843283,18.200209,20.543419,19.178816,18.983437,19.019657,18.7387,16.961014,18.932457,17.871502,17.044436,22.159792,16.863085,21.914362,18.322924,18.466671,19.187128,17.627945,20.422483,14.786257
Peru,604,7,18.388668,19.032408,18.308844,17.721224,18.138245,17.739534,17.61975,17.842558,18.304733,18.207823,17.677393,17.194937,17.902494,17.782568,17.613857,17.98082,18.01142,17.39999,18.013206,17.58678,17.184814,17.372154,16.984726,17.224514,16.726503
Philippines,608,7,26.768774,26.877666,26.76073,26.902561,26.811249,26.576496,26.466684,26.440546,26.82029,26.529337,26.406918,26.205204,26.066666,26.225674,26.551579,26.238527,26.196133,26.641619,26.356133,26.492828,26.05343,26.264399,26.366453,25.928598,25.686144
Poland,616,7,20.486168,19.5389,18.987406,21.067057,18.387083,18.596464,20.148842,18.159746,19.011343,19.242386,20.84589,19.189732,19.675352,17.856138,21.05805,19.146976,18.73825,18.454227,22.175787,19.48903,17.445004,19.419209,20.070606,19.792044,16.223738
Portugal,620,7,22.988024,22.318007,24.993986,21.455706,24.673101,21.801674,20.624773,22.404793,23.951857,22.804451,21.375898,23.23765,21.444733,21.138624,23.848606,21.105213,21.292116,21.429487,23.523306,22.578537,22.63952,21.462297,21.687778,20.934515,21.490515
Puerto Rico,630,7,27.829716,27.451828,26.47338,26.578007,26.994783,26.652058,26.575966,26.91094,26.75202,26.700281,27.04666,26.505318,27.041397,26.155384,26.7442,27.27838,26.637554,27.040869,26.606756,26.826654,26.555153,26.360153,26.62522,26.352205,26.468954
Qatar,634,7,37.2202,36.40127,36.20701,36.864285,37.11757,35.96199,36.49013,37.028244,36.350338,36.781406,35.78342,35.33163,36.602825,36.19926,36.74168,36.094147,36.411884,36.278313,36.482193,35.616123,36.109535,35.52967,36.34638,35.77652,36.403576
Romania,642,7,24.007202,22.296515,22.193348,22.726252,20.88209,20.40143,20.393747,21.009548,21.447151,22.579716,20.614355,20.65083,24.16625,20.905893,21.393847,21.478958,20.315048,23.021255,20.840794,20.239851,20.254202,20.499931,22.055607,21.518694,20.678305
Russia,643,7,17.285084,16.974432,16.809994,16.769133,16.661516,15.888768,16.055878,15.648521,16.904371,15.845201,15.545404,16.29745,16.974573,16.54089,17.130194,15.551459,15.872146,16.292355,15.625132,16.366919,15.575264,16.121616,16.31471,16.702019,15.652685
Rwanda,646,7,21.453762,20.969814,20.459335,20.43668,20.219719,20.266817,19.646635,20.742678,20.545101,20.287994,20.33378,20.16787,19.532948,19.56763,19.884153,19.617714,18.94171,19.313086,19.565413,19.436792,19.556768,18.972658,19.814243,18.72799,19.286673
Saint Helena,SHN,7,20.458893,20.12387,20.018585,20.866089,20.417633,20.79361,20.25418,20.599945,20.512024,20.059967,19.990692,20.097778,19.676544,19.808807,20.33133,20.43814,20.277252,20.147675,20.139984,20.28717,19.999908,20.601929,19.744446,20.160248,20.3143
Saint Vincent and the Grenadines,VCT,7,27.677643,27.475433,26.84671,26.813354,27.114899,26.947906,26.617462,26.941742,26.949524,26.544342,26.603973,26.800903,26.838654,26.793182,27.223907,26.848297,26.630768,27.05783,26.833344,27.01764,26.42569,26.529663,26.633118,26.562592,26.443207
Samoa,WSM,7,25.0382,25.230967,24.54048,25.187195,25.124372,25.074533,24.685446,25.14923,24.646814,24.575226,24.753592,24.702137,24.608994,24.886114,25.180574,24.80029,24.065561,25.207035,24.658384,24.407911,24.603025,24.570702,24.896044,24.997417,24.3737
Sao Tome and Principe,STP,7,24.097565,24.114105,23.78714,24.89148,24.35904,24.442047,24.123322,23.419281,24.486633,23.21817,22.675262,23.189575,24.164825,23.29123,23.584259,23.403961,23.8378,24.184784,23.825531,23.297913,23.789948,24.748413,24.057922,23.214935,23.671722
Saudi Arabia,682,7,36.169647,36.2388,35.068794,35.961018,36.16701,35.524662,35.486656,36.88931,35.674744,35.504696,34.838398,35.207443,36.009632,35.396587,35.816097,34.67685,35.117733,34.412025,34.67949,34.824078,34.98659,34.353863,35.141357,34.658348,35.699635
Senegal,686,7,29.116533,29.74782,28.990181,29.923864,29.061882,29.799965,29.010057,29.110256,28.887074,29.702827,30.099026,29.427084,28.686277,29.608414,28.95334,29.227982,28.322178,29.071695,29.48085,28.726713,28.409464,28.412903,29.81271,28.46486,28.373276
Serbia,688,7,24.60578,23.235453,22.813162,23.673489,20.916822,21.517118,20.813023,22.865278,21.99044,23.835968,20.956148,21.595303,24.546988,21.636501,21.904854,21.815624,21.195232,23.472946,21.742674,20.836708,21.03024,21.569427,22.375208,21.549204,21.7236
Seychelles,SYC,7,25.87882,25.547707,24.75004,25.237188,25.868807,25.703772,24.990515,25.49253,24.85187,25.5297,25.281713,24.779428,25.395306,25.880102,25.309853,25.484043,24.98332,25.880104,24.929054,25.36823,24.860271,25.316778,25.042303,24.991312,25.070171
Sierra Leone,694,7,24.690025,25.220997,24.578222,24.449547,24.277325,24.580307,24.321846,24.520473,24.2936,24.647636,24.418459,24.184694,23.678877,24.110249,24.356398,24.465784,23.835155,24.127268,24.581337,24.27462,24.059975,23.882082,24.28508,24.046524,23.951658
Slovakia,703,7,21.512789,20.19327,20.231997,21.269855,18.82852,19.097513,19.672222,18.998577,19.363993,20.827974,19.60164,19.580708,20.20951,17.676613,20.31196,19.728065,18.3936,19.671347,20.947382,18.806358,17.835285,19.138807,20.070477,18.949862,16.660294
Slovenia,705,7,22.160938,21.07113,22.07302,21.419281,19.86948,20.899174,20.483131,21.21956,21.17927,22.336409,19.409472,21.666576,21.00991,19.300726,21.411673,20.08448,19.85104,20.479605,21.982548,19.36927,19.097536,20.830296,19.888826,19.865028,17.86719
Solomon Islands,090,7,26.449038,26.094496,26.62432,26.304445,26.01123,25.794996,25.809252,25.95728,26.013103,25.724184,25.707773,25.611477,25.622547,25.888021,25.811447,25.892084,25.423742,25.560173,25.482586,25.392113,24.949759,25.40644,25.256662,24.997414,24.991013
Somalia,706,7,28.047722,27.567978,26.5072,26.740377,27.436836,27.614716,26.948809,27.54627,26.678219,27.47297,27.324947,26.590755,27.119562,27.41845,26.79236,27.252779,26.741068,27.393234,26.814623,26.855742,26.612337,26.97733,26.908293,26.684381,26.611649
South Africa,710,7,11.0282135,11.176994,12.356091,10.392638,11.699736,12.834691,11.926637,12.335017,11.165148,11.627485,10.832493,11.822619,10.628614,9.39695,12.042891,10.156129,11.255322,10.660369,11.974989,12.277995,9.919163,11.27205,10.325543,10.293338,10.539195
South Georgia and the South Sandwich Islands,SGS,7,-4.027559,-3.5347154,-2.8828652,-4.1212173,-6.1534367,-4.418452,-3.4950335,-1.7846438,-4.792609,-2.271672,-2.0897157,-1.8864887,-3.5317242,-3.49287,-3.2064114,-2.6513202,-3.2935672,-5.571105,-3.6443896,-5.3296466,-2.808465,-2.646877,-3.9583116,-5.692306,-3.9528728
South Korea,410,7,26.01336,25.420603,25.802982,26.018482,22.492844,24.382904,26.356483,25.968367,25.059408,24.030882,24.728045,25.7973,25.031569,24.60912,25.022507,23.263449,25.662323,23.314028,22.947208,24.699846,25.031689,22.193861,24.196318,25.257465,25.153606
South Sudan,728,7,26.790625,27.28769,25.732046,25.37125,25.211124,25.750385,26.321693,25.847134,25.859062,26.963596,26.327456,25.411972,24.848509,26.028524,25.595089,26.61634,25.253466,25.151089,25.702967,25.442461,25.806652,25.206598,26.473186,25.47992,25.05417
Spain,724,7,24.531157,24.507416,25.783007,23.064636,24.603855,24.068941,23.084915,23.960127,24.420391,25.595425,22.21059,24.01343,22.820543,22.115915,24.164352,23.505083,22.43207,22.670916,24.835768,23.715809,22.952456,23.551664,22.364344,22.126589,22.29658
Sri Lanka,144,7,28.362974,28.375223,27.398294,27.675528,27.36339,28.160948,27.582758,28.366577,27.983652,28.158058,28.16515,27.291252,27.912527,27.684587,27.538387,27.985306,27.363466,27.388458,27.832827,27.583792,27.439034,27.620405,27.64917,27.24256,27.316427
Sudan,729,7,31.900307,32.417915,30.35532,31.020477,30.756351,31.233896,30.496471,31.335718,30.452316,31.598438,30.566313,30.754324,30.580412,31.303823,30.489153,30.975279,30.570314,29.064804,30.578669,30.12127,30.66288,29.963156,31.51541,30.12063,30.69946
Suriname,740,7,26.34651,26.181967,25.439579,25.399693,26.05607,25.52834,25.081253,25.55236,25.692593,25.84414,25.697592,25.254663,25.661806,25.48313,25.508026,25.855091,24.95961,25.415565,25.323406,25.277597,25.221235,25.036562,25.853449,25.14256,25.027258
Sweden,752,7,15.386646,14.601288,14.833955,17.459482,13.129358,15.040139,19.062328,13.872988,15.374666,13.59501,18.317215,14.993328,14.215772,16.131107,16.256763,14.720914,15.353068,14.412148,16.553091,16.180275,14.017207,17.420387,15.876038,15.315252,14.131722
Switzerland,756,7,16.456959,16.292385,17.296513,14.472059,15.850231,16.730745,16.656881,15.480341,15.607175,18.194248,13.361913,16.424246,14.449925,12.5226555,16.232363,14.804418,14.491918,14.025428,17.907518,14.402251,13.843123,15.748517,14.150743,14.554921,12.110952
Syria,760,7,31.811945,31.506315,30.58067,31.624926,32.07224,30.118822,30.09922,32.52982,31.184202,30.81684,30.046127,29.773933,31.384357,30.778978,30.949223,29.62017,30.104027,30.750431,29.17943,30.159777,30.514473,29.903196,30.629953,30.600893,32.50341
Taiwan,158,7,29.5,29.6,29.7,29.4,29.6,29.5,29.4,29.3,29.2,29.1,28.9,29,29.3,29.2,29.1,28.8,28.7,28.9,29,28.9,28.8,28.6,28.7,28.4,28.5
Tajikistan,762,7,14.204787,14.822144,16.276955,14.349863,12.754013,14.75792,14.642525,14.379245,13.578782,14.840181,13.308709,13.298939,12.268126,12.796194,11.645263,11.301704,14.026068,12.70014,13.563605,13.046927,11.254689,13.930122,11.591077,12.934031,12.599605
Tanzania,834,7,21.614988,21.582367,20.920439,20.771763,20.894676,21.615444,20.861265,21.70091,21.00401,21.67136,21.370152,20.99263,20.99532,21.121677,21.09683,20.783974,20.468393,21.098166,20.79181,20.827532,20.674831,20.527828,21.193724,20.34555,20.568666
Thailand,764,7,27.388132,28.071453,27.561165,27.494417,28.09497,27.885561,27.062225,26.862614,27.201794,27.575838,27.33799,26.864784,26.901804,27.009043,27.646523,26.995295,26.92138,27.396635,27.140032,27.327957,26.971867,27.318525,27.368364,27.098185,26.776827
Togo,768,7,26.00683,26.173367,25.365055,25.889633,25.387823,25.626953,25.437937,25.495636,25.542492,25.824938,25.749416,25.171865,24.927706,25.49819,25.424765,25.358528,25.14787,25.146223,25.62006,24.989752,24.668,24.914843,25.333014,24.916704,24.909864
Trinidad and Tobago,780,7,27.168346,26.965353,26.441738,26.282969,26.609125,26.62457,26.259787,26.502,26.714851,26.353907,26.524506,26.620573,26.44932,26.539421,26.671274,26.55391,26.16454,26.3372,26.265882,26.324722,26.037514,25.888342,26.049957,26.077082,25.919847
Tunisia,788,7,31.40857,33.58458,30.953352,31.311434,29.809206,30.95963,32.02574,30.26843,29.42162,29.834368,29.735691,29.568249,31.295795,30.289734,30.137985,30.795126,30.805971,28.80745,29.699268,30.740587,28.985176,31.97287,29.992496,30.697254,29.638468
Turkey,792,7,24.436699,23.6345,22.778385,24.388523,24.345947,22.686762,24.060482,24.454964,23.775919,23.536438,23.813461,22.515577,24.066036,23.703842,24.284962,22.564518,23.376108,23.897995,22.294046,23.780577,22.377192,22.752743,23.535154,24.357935,24.929502
Turkmenistan,795,7,31.953114,32.832565,32.066635,33.12784,32.310375,33.426353,34.42594,32.379658,31.527828,32.259724,30.644495,31.807032,32.028534,32.130642,31.857267,31.560303,32.004208,31.049948,30.86501,32.428543,29.659552,30.822956,31.231651,30.31863,31.201302
Uganda,800,7,23.488012,23.755215,23.112955,22.590748,22.336336,22.270052,22.538158,22.489794,22.912165,22.904957,22.882116,22.480087,21.837656,22.509235,22.291023,22.950382,21.700567,21.75054,22.393845,22.079794,22.299004,21.743095,23.078735,21.611107,21.76808
Ukraine,804,7,24.53779,21.559185,21.184294,23.617674,21.723083,20.380981,21.815792,20.878124,22.171846,21.577463,22.026966,20.754742,23.821068,22.391926,23.765324,22.092793,20.82726,22.452726,20.607697,20.963457,20.137434,20.479633,23.88939,23.997805,20.06464
United Arab Emirates,784,7,37.15402,36.679554,35.545025,37.387337,37.40591,36.332573,37.21772,38.21663,36.533203,37.420975,36.111256,36.397804,37.497562,36.602715,36.906105,35.527786,36.290863,35.833008,36.120346,35.965637,35.946857,35.456287,35.757744,36.087635,36.385788
United Kingdom,826,7,14.964545,15.003788,16.623417,16.548029,14.4201145,16.42923,17.325523,15.180884,15.341432,14.432526,16.471514,16.998945,14.092525,14.318327,15.565224,15.094212,15.2773695,14.190585,17.849854,15.310174,14.437696,16.201956,14.45632,15.30986,14.202445
United States,840,7,22.566105,23.168596,23.184889,22.683842,22.808058,22.812262,22.849,23.080124,22.85412,21.957773,21.3933,22.216576,23.197271,22.89294,22.23981,21.64175,21.87766,22.540686,23.063152,22.70629,21.691902,22.52848,22.62962,21.787539,21.591005
United States Virgin Islands,VIR,7,28.246002,28.188324,27.211945,27.26648,27.741852,27.41275,27.154572,27.504242,27.39093,27.03067,26.984833,26.931763,27.43631,27.12326,27.684845,27.518219,27.10733,27.548065,27.347015,27.638733,27.121002,27.094116,27.092102,27.160248,27.023285
Uruguay,858,7,9.499972,12.210298,12.90482,11.308037,10.429483,10.970411,10.909801,14.106631,11.020937,11.926631,12.457564,11.240278,8.602738,10.110033,10.790833,9.119476,14.0792055,8.36554,14.475126,12.28059,11.429645,10.669265,10.702726,11.778674,8.945275
Uzbekistan,860,7,29.332518,30.903196,29.747,30.567606,29.599514,31.441399,31.391048,30.119764,29.276285,30.037577,27.52913,29.193666,29.598053,29.267538,28.972698,28.612871,29.695457,28.72023,27.697817,29.827738,27.415497,28.002,28.660725,27.516676,28.594177
Vanuatu,548,7,24.353497,23.454304,25.198565,24.683205,24.144018,23.575829,23.850143,23.656462,24.17511,23.66439,23.162973,23.8077,23.671333,23.973429,24.017174,23.684923,23.79128,23.810312,22.889227,23.183722,23.357746,23.395035,23.552685,23.41647,23.390652
Venezuela,862,7,25.333275,25.438892,24.980667,24.545828,25.003138,24.907816,24.778337,24.541656,25.211695,25.31651,25.354038,25.050497,24.896553,25.037773,24.881454,25.184584,24.578098,25.051168,24.783396,24.787924,24.494759,24.326635,24.706877,24.41714,24.333277
Vietnam,704,7,26.845972,27.373201,27.009512,27.040321,27.445946,27.372921,26.681805,26.381767,27.168993,26.808233,26.593275,26.07336,26.454756,26.531902,27.067064,26.432625,26.339127,26.63343,26.457478,26.302332,26.027906,26.65811,26.811714,26.556501,26.22206
World,OWID_WRL,7,16.909058,16.953165,16.606314,16.559742,16.554218,16.62583,16.507273,16.494555,16.589472,16.382626,16.294695,16.20393,16.269238,16.372034,16.280928,16.366655,16.205524,16.23532,16.2323,16.314322,15.953155,16.181763,16.26295,16.20851,15.99124
Yemen,887,7,32.8988,32.12411,29.396694,29.110147,30.00895,31.683916,31.141207,31.31883,30.703243,31.204262,31.828108,31.271175,31.212261,31.661516,31.053152,32.082775,31.788652,30.946507,31.15214,31.222795,30.502443,30.96166,30.528666,30.505585,30.38907
Zambia,894,7,19.030407,18.456379,18.484673,17.452736,17.610126,18.64583,18.027771,18.743961,18.313913,19.358786,18.59937,18.389912,18.10261,17.830866,18.265903,17.140312,18.015043,17.836573,18.03571,18.249329,17.782057,17.352463,19.872795,17.761726,17.809332
Zimbabwe,716,7,18.83003,16.623407,16.612255,15.803981,15.939116,16.925411,15.944827,16.573498,16.72748,17.589756,16.408525,16.431616,16.160194,15.356987,16.434896,15.02255,16.73438,15.643404,16.329166,16.339607,15.846452,14.921303,17.484838,15.2712755,15.296653
